company,email
Alembic Pharmaceuticals,careers@alembic.co.in
Alembic Pharmaceuticals,trainee@alembic.co.in
Alembic Pharmaceuticals,prodform@alembic.co.in
Alembic Pharmaceuticals,msnt@alembic.co.in
Alembic Pharmaceuticals,vivek.amishra@alembic.co.in
Alembic Pharmaceuticals,pratiksha.dubey@alembic.co.in
Alembic Pharmaceuticals,infoal@alembic.co.in
Sun Pharma,HR.Tandalja@sunpharma.com
Sun Pharma,vidhi.rajgor@sunpharma.com
Sun Pharma,hr.baska@sunpharma.com
Sun Pharma,careers@sunpharma.com
Bills Biotech,hr@billsbiotech.com
Bills Biotech,info@billsbiotech.com
Zydus Lifesciences,recruitment@zyduslife.com
Zydus Lifesciences,dipak.panchasara@zyduslife.com
Zydus Lifesciences,hr.dabhasa@zyduslife.com
Zydus Lifesciences,Bhagyesh.r@zyduslife.com
BDR Pharmaceuticals,mrunal.uttekar@bdrpharma.com
BDR Pharmaceuticals,roshni.makkad@bdrpharma.com
Torrent Pharmaceuticals,hr@torrentpharma.com
Torrent Pharmaceuticals,careers@torrentpharma.com
Intas Pharmaceuticals,careers@intaspharma.com
Intas Pharmaceuticals,generalqueries@intaspharma.com
Intas Pharmaceuticals,recruitment_ddn@intaspharma.com
GLPL India,hr@glplindia.co.in
GLPL India,csm@glplindia.co.in
Glenmark Life Sciences,vijay.vaghasiya@glenmarklifesciences.com
Glenmark Life Sciences,api.web@glenmarklifesciences.com
Wockhardt,Career@wockhardt.com
Wockhardt,VKakde@wockhardt.com
Cadila Pharmaceuticals,careers@cadilapharma.com
Cardkem Pharma,info@cardkem.com
Galpha Laboratories,info@galpha.com
Dishman Carbogen Amcis,careers@dishmangroup.com
Gufic Biosciences,binal.kapadia@guficbio.com
Praha Healthcare,hr@prahashealthcare.com
Immugenix Bio,info@immugenixbio.com
Savli Bio Incubator,SavliBioIncubator@gmail.com
Aristo Biotech,mail@aristobiotech.com
Basic Pharma,sales@basicpharma.in
STBI Vadodara (Gujarat Govt Incubator),CTO-STBI-VDR@gujarat.gov.in
Career Choice Solution (Recruiter),abhishek.p@careerchoicesolution.com
Career Choice Solution (Recruiter),hrd@careerchoicesolution.com
Bestfit Recruitment (Recruiter),dharmesh@bestfitrecruitment.co.in
Sai Group Baroda (Recruiter),saigroupbrd@gmail.com
Perfect Placement (Recruiter),info@perfectplacement.co.in
Perfect Placement Bureau (Recruiter),info@perfectplacementbureau.com
Cipla,careers@cipla.com
Cipla,hr.india@cipla.com
Lupin,careers@lupinworld.com
Lupin,hr@lupin.com
Dr Reddys Laboratories,careers@drreddys.com
Mankind Pharma,careers@mankindpharma.com
Macleods Pharmaceuticals,careers@macleodspharma.com
Macleods Pharmaceuticals,hr@macleodspharma.com
Amneal Pharmaceuticals India,careers@amneal.com
Amneal Pharmaceuticals India,hr.india@amneal.com
Eris Lifesciences,hr@erislifesciences.com
Eris Lifesciences,info@erislifesciences.com
Lincoln Pharmaceuticals,info@lincolnpharma.com
Troikaa Pharmaceuticals,info@troikaapharma.com
Concord Biotech,hr@concordbiotech.com
Concord Biotech,info@concordbiotech.com
Meril Life Sciences,hr@merillife.com
Meril Life Sciences,careers@merillife.com
Finecure Pharmaceuticals,info@finecure.in
Sudeep Pharma,info@sudeeppharma.com
Baroda Pharma Industries,info@barodapharma.com
Relax Biotech,info@relaxbiotech.com
Kashmik Formulation,hr@kashmikformulation.com
Unison Pharmaceuticals,info@unisonpharma.com
Claris Lifesciences,careers@clarislifesciences.com
Torrent Pharma (Dahej),hr.dahej@torrentpharma.com
Lyka Labs,info@lykalabs.com
Piramal Pharma,careers@piramal.com
Ajanta Pharma,hr@ajantapharma.com
Ajanta Pharma,careers@ajantapharma.com
Hetero Labs,careers@heterolabs.com
Biocon,careers@biocon.com
Glenmark Pharma,careers@glenmarkpharma.com
Aurobindo Pharma,careers@aurobindo.com
Natco Pharma,hr@natcopharma.co.in
Ipca Laboratories,careers@ipca.com
FDC Limited,hr@fdcindia.com
Emcure Pharmaceuticals,careers@emcure.co.in
Jubilant Pharmova,careers@jubilantpharmova.com
MSN Laboratories,hr@msnlabs.com
Laurus Labs,careers@lauruslabs.com
Granules India,hr@granulesindia.com
RPG Life Sciences,hr@rpglifesciences.com
Aarti Drugs,hr@aartidrugs.com
Shilpa Medicare,hr@shilpamedicare.com
Wanbury,careers@wanbury.com
JB Chemicals,careers@jbcpl.com
Alkem Laboratories,careers@alkem.com
Gland Pharma,careers@glandpharma.com
Strides Pharma,careers@strides.com
Syngene International,careers@syngeneintl.com
Divis Laboratories,careers@divislabs.co.in
Sun Pharma Advanced Research,hr@sparc.life
Zydus Wellness,hr@zyduswellness.com
Vadilal Chemicals,info@vadilalchemicals.com
Gujarat Pharma (Recruiter),info@gujaratpharma.com
Pharma Wisdom (Recruiter),careers@pharmawisdom.in
TeamLease (Recruiter - Pharma),pharma@teamlease.com
Naukri HR consultants (Recruiter),pharma.hr@gmail.com
Ajanta Pharma QA,CV.ptn@ajantapharma.com
Amneal Pharmaceuticals,Career.Matoda@amneal.com
Corona Remedies QA/IPQA,anjaliv@coronaremedies.com
Corona Remedies QA/IPQA,sagart@coronaremedies.com
Alivus / Glenmark,Dahej.HR@glenmarklifesciences.com
Embio Ltd,hr.dahej@embio.co.in
Lincoln Pharmaceuticals QA/QA,recruitment@lincolnpharma.com
Same Lincoln QA/QC contact.[web:1982],hr@lincolnpharma.com
OPES Healthcare QA,career@opeshealthcare.com
Stallion Laboratories QA/Production,paresh.patel@stallionlabs.com
Stallion Labs HR contact.[web:1893],aarti.oberoi@stallionlabs.com
Alkem,care@alkem.com
Amneal,careers.matoda@amneal.com
Amneal,Career.SEZ@amneal.com
Amneal,resume.matoda@amneal.com
Ajantapharma,ptn.hr@ajantapharma.com
Ajantapharma,resume.dahej@ajantapharma.com
Aristopharma,hr@aristopharma.co.in
Aristobiotech,hr@aristobiotech.com
Aurobindo,corporate@aurobindo.com
Bdrpharma,info@bdrpharma.com
Bdrpharma,hr@bdrpharma.com
Fdcindia,careers@fdcindia.com
Galpha,hr@galpha.com
Guficbio,hr@guficbio.com
Intaspharma,hr@intaspharma.com
Lykalabs,hr.dahej@lykalabs.com
Lifechempharma,hr@lifechempharma.com
Tatvachintan,careers@tatvachintan.com
Cohance,jsoni@cohance.com
Biomatrixhealthcare,career@biomatrixhealthcare.com
Biomatrixhealthcare,hr@biomatrixhealthcare.com
Amneal,nandini.nair@amneal.com
Bdrpharma,mrinali.uttekar@bdrpharma.com
Ajantapharma,referral.dhj@ajantapharma.com
Precisegroup,frd2@precisegroup.co.in
Precisegroup,cqa@precisegroup.co.in
Rusanpharma,mitesh.maharaj@rusanpharma.com
Rusanpharma,monika.prajapati@rusanpharma.com
Oneirolifecare,recruitment@oneirolifecare.com
Theonpharma,hr2@theonpharma.com
Wockhardt,GSrivastav@wockhardt.com
Wockhardt,JDPatel@wockhardt.com
Wockhardt,NSahu@wockhardt.com
Wockhardt,VYadav@wockhardt.com
Gfl,hrd@gfl.co.in
Bdrpharma,divya.jadav@bdrpharma.com
Bdrpharma,neha.thakkar@bdrpharma.com
Bdrpharma,darpan.rajput@bdrpharma.com
Cephlife,hr@cephlife.com
Therdose,hr@therdose.com
Leepharma,hrdunit4@leepharma.com
Aartigroup,recruitment.alchemiefinechem@aartigroup.com
Apdmpharma,career@apdmpharma.com
Dhruvremedies,hr@dhruvremedies.com
Emcure,bhavik.parekh@emcure.com
Emcure,prachi.raval@emcure.com
Coronaremedies,hr.bhayla@coronaremedies.com
Pharmaforcelabs,recruitment@pharmaforcelabs.com
Pharmaforcelabs,raj.kumar@pharmaforcelabs.com
Emcure,Dhruvi.rana@emcure.com
Lupin,vinodparmar@lupin.com
Lupin,suhailkhanl@lupin.com
Aagamlifescience,info@aagamlifescience.com
Parikhgroups,hr1@parikhgroups.com
Fkfinechemicals,info@fkfinechemicals.com
Fkfinechemicals,hr@fkfinechemicals.com
